{"cameraMode":{"drawMode":0,"name":"Shaded","section":"Shading Mode"},"sceneLighting":true,"audioPlay":false,"sceneViewState":{"showFog":true,"showMaterialUpdate":false,"showSkybox":true,"showFlares":true,"showImageEffects":true,"showParticleSystems":true},"in2DMode":false,"pivot":{"x":-2.659966230392456,"y":-8.008977890014649,"z":2.4995617866516115},"rotation":{"x":-0.41168004274368288,"y":0.5658502578735352,"z":-0.3886249363422394,"w":-0.5994213819503784},"size":17.829830169677736,"orthographic":false}